date,close
2007-03-01,2459.51
2007-03-02,2503.68
2007-03-05,2511.92
2007-03-06,2516
2007-03-07,2580.6
2007-03-08,2634.88
2007-03-09,2638.05
2007-03-12,2696.5
2007-03-13,2727.46
2007-03-14,2708.69
2007-03-15,2760.84
2007-03-16,2710.86
2007-03-19,2751.48
2007-03-20,2810.71
2007-03-21,2858.81
2007-03-22,2861.15
2007-03-23,2898
2007-03-26,2989.05
2007-03-27,3039.53
2007-03-28,3004.3
2007-03-29,2894.78
2007-03-30,2926.06
2007-04-02,2993.63
2007-04-03,3042.46
2007-04-04,3078.9
2007-04-05,3133.14
2007-04-06,3182.8
2007-04-09,3240.3
2007-04-10,3261.53
2007-04-11,3309.75
2007-04-12,3387.41
2007-04-13,3358.63
2007-04-16,3458.07
2007-04-17,3558.22
2007-04-18,3649.71
2007-04-19,3435.78
2007-04-20,3614.39
2007-04-23,3782.26
2007-04-24,3821.42
2007-04-25,3805.05
2007-04-26,3853.27
2007-04-27,3845.81
2007-04-30,3903.69
2007-05-08,4091.13
2007-05-09,4099.13
2007-05-10,4128.08
2007-05-11,4109.4
2007-05-14,4133.83
2007-05-15,3998.78
2007-05-16,4118.14
2007-05-17,4221.91
2007-05-18,4235.19
2007-05-21,4364.16
2007-05-22,4459.81
2007-05-23,4582.31
2007-05-24,4571.71
2007-05-25,4649.86
2007-05-28,4761.7
2007-05-29,4853.64
2007-05-30,4456.28
2007-05-31,4267.78
2007-06-01,3960.44
2007-06-04,3618.69
2007-06-05,3659.94
2007-06-06,3736.93
2007-06-07,3936.77
2007-06-08,4002.87
2007-06-11,4104.55
2007-06-12,4218.44
2007-06-13,4372.53
2007-06-14,4311.98
2007-06-15,4316.53
2007-06-18,4439.19
2007-06-19,4529.03
2007-06-20,4396.22
2007-06-21,4374.49
2007-06-22,4123.22
2007-06-25,3851.94
2007-06-26,3928.7
2007-06-27,4022.31
2007-06-28,3757.98
2007-06-29,3585.49
2007-07-02,3644.79
2007-07-03,3704.71
2007-07-04,3622.52
2007-07-05,3380.18
2007-07-06,3591.38
2007-07-09,3711.71
2007-07-10,3606.19
2007-07-11,3653.31
2007-07-12,3671.18
2007-07-13,3655.85
2007-07-16,3532.06
2007-07-17,3610.38
2007-07-18,3624.34
2007-07-19,3640.28
2007-07-20,3788.74
2007-07-23,3984.79
2007-07-24,3993.02
2007-07-25,4106.83
2007-07-26,4190.88
2007-07-27,4269.77
2007-07-30,4353.09
2007-07-31,4403.58
2007-08-01,4161.13
2007-08-02,4336.81
2007-08-03,4408.05
2007-08-06,4504.34
2007-08-07,4470.14
2007-08-08,4395.43
2007-08-09,4442.06
2007-08-10,4348.81
2007-08-13,4329.77
2007-08-14,4436.21
2007-08-15,4412.8
2007-08-16,4438.96
2007-08-17,4390.88
2007-08-20,4570.57
2007-08-21,4625.28
2007-08-22,4685.06
2007-08-23,4733.84
2007-08-24,4742.95
2007-08-27,4724.54
2007-08-28,4729.79
2007-08-29,4701.44
2007-08-30,4843.71
2007-08-31,4897.64
2007-09-03,5008.83
2007-09-04,4980.53
2007-09-05,5010.73
2007-09-06,5065.52
2007-09-07,4939.23
2007-09-10,5038.94
2007-09-11,4718.31
2007-09-12,4770.77
2007-09-13,4872.66
2007-09-14,4936.69
2007-09-17,5047.6
2007-09-18,5096.24
2007-09-19,5029.1
2007-09-20,5079.08
2007-09-21,5028.84
2007-09-24,5054.73
2007-09-25,5012.82
2007-09-26,4932.52
2007-09-27,4972.72
2007-09-28,5083.65
2007-10-08,5088.6
2007-10-09,5141.89
2007-10-10,5109.1
2007-10-11,5005.5
2007-10-12,4891.39
2007-10-15,4890.6
2007-10-16,4943.56
2007-10-17,4929.54
2007-10-18,4814.46
2007-10-19,4813.95
2007-10-22,4688.29
2007-10-23,4688.72
2007-10-24,4596.63
2007-10-25,4251.5
2007-10-26,4228.95
2007-10-29,4288.79
2007-10-30,4388.33
2007-10-31,4550.18
2007-11-01,4431.1
2007-11-02,4329.63
2007-11-05,4361.87
2007-11-06,4395.01
2007-11-07,4385.86
2007-11-08,4205.65
2007-11-09,4153.24
2007-11-12,4098.56
2007-11-13,4114.51
2007-11-14,4264
2007-11-15,4210.34
2007-11-16,4217.23
2007-11-19,4313.28
2007-11-20,4371.68
2007-11-21,4308.42
2007-11-22,4112.63
2007-11-23,4193.98
2007-11-26,4151.88
2007-11-27,4108.95
2007-11-28,4078.04
2007-11-29,4185.27
2007-11-30,4122.93
2007-12-03,4170.26
2007-12-04,4193.96
2007-12-05,4273.05
2007-12-06,4291.07
2007-12-07,4362.22
2007-12-10,4483.83
2007-12-11,4534.94
2007-12-12,4544.68
2007-12-13,4402.64
2007-12-14,4499.53
2007-12-17,4506.04
2007-12-18,4467.81
2007-12-19,4565.62
2007-12-20,4620.57
2007-12-21,4691.53
2007-12-24,4772.64
2007-12-25,4815.21
2007-12-26,4912.84
2007-12-27,4963.45
2007-12-28,4947.6
2008-01-02,5123.93
2008-01-03,5230.75
2008-01-04,5243.03
2008-01-07,5347.79
2008-01-08,5200.55
2008-01-09,5356.48
2008-01-10,5382.33
2008-01-11,5376.8
2008-01-14,5445.1
2008-01-15,5487.09
2008-01-16,5412.91
2008-01-17,5270.96
2008-01-18,5317.45
2008-01-21,5097.23
2008-01-22,4661.83
2008-01-23,4911.76
2008-01-24,5080.93
2008-01-25,5096.69
2008-01-28,4740.5
2008-01-29,4839.4
2008-01-30,4851.18
2008-01-31,4663.42
2008-02-01,4456.4
2008-02-04,4820.39
2008-02-05,4838.92
2008-02-13,4813.58
2008-02-14,4910.36
2008-02-15,4886.02
2008-02-18,5043.14
2008-02-19,5133.36
2008-02-20,5089.44
2008-02-21,5153.6
2008-02-22,5029.2
2008-02-25,4869.65
2008-02-26,4868.81
2008-02-27,4976.99
2008-02-28,4989.41
2008-02-29,5056.94
2008-03-03,5227.73
2008-03-04,5192.59
2008-03-05,5214.24
2008-03-06,5223.82
2008-03-07,5115.92
2008-03-10,4947.83
2008-03-11,5015.14
2008-03-12,4881.03
2008-03-13,4688.68
2008-03-14,4661.63
2008-03-17,4302.61
2008-03-18,3984.49
2008-03-19,4176.49
2008-03-20,4347.74
2008-03-21,4405.86
2008-03-24,4314.58
2008-03-25,4367.34
2008-03-26,4352.05
2008-03-27,4119.79
2008-03-28,4241.45
2008-03-31,4044.1
2008-04-01,3704.27
2008-04-02,3500.52
2008-04-03,3588.76
2008-04-07,3822.37
2008-04-08,3908.8
2008-04-09,3695.31
2008-04-10,3803.46
2008-04-11,3862.36
2008-04-14,3606.77
2008-04-15,3723.27
2008-04-16,3633.68
2008-04-17,3511.91
2008-04-18,3338.27
2008-04-21,3314.51
2008-04-22,3266.38
2008-04-23,3409.77
2008-04-24,3723.07
2008-04-25,3756.33
2008-04-28,3729.56
2008-04-29,3759.55
2008-04-30,3903.18
2008-05-05,4040.16
2008-05-06,4024.99
2008-05-07,3850.23
2008-05-08,3985.2
2008-05-09,3986.24
2008-05-12,4069.15
2008-05-13,4078.86
2008-05-14,4168.49
2008-05-15,4131.25
2008-05-16,4071.91
2008-05-19,4070.05
2008-05-20,3813.94
2008-05-21,3908.73
2008-05-22,3871.55
2008-05-23,3829.17
2008-05-26,3728.75
2008-05-27,3743.54
2008-05-28,3847.26
2008-05-29,3749.52
2008-05-30,3755.63
2008-06-02,3788.15
2008-06-03,3771.1
2008-06-04,3704
2008-06-05,3657.49
2008-06-06,3629.92
2008-06-10,3312.67
2008-06-11,3225.85
2008-06-12,3197.55
2008-06-13,3045.11
2008-06-16,2977.82
2008-06-17,2791.29
2008-06-18,2951.84
2008-06-19,2702.8
2008-06-20,2764.28
2008-06-23,2717.97
2008-06-24,2806.77
2008-06-25,2966.9
2008-06-26,3003.3
2008-06-27,2792.71
2008-06-30,2813.72
2008-07-01,2765.06
2008-07-02,2811.23
2008-07-03,2941.52
2008-07-04,2941.09
2008-07-07,3094.85
2008-07-08,3142.32
2008-07-09,3226.15
2008-07-10,3152.49
2008-07-11,3132.73
2008-07-14,3198.35
2008-07-15,3106.33
2008-07-16,2948.53
2008-07-17,2918.37
2008-07-18,3015.8
2008-07-21,3139.4
2008-07-22,3150.02
2008-07-23,3122.69
2008-07-24,3200.74
2008-07-25,3172.17
2008-07-28,3215.85
2008-07-29,3150
2008-07-30,3132.34
2008-07-31,3017.22
2008-08-01,3063.81
2008-08-04,2990.17
2008-08-05,2897.73
2008-08-06,2904.19
2008-08-07,2923.75
2008-08-08,2711.96
2008-08-11,2508.59
2008-08-12,2473.42
2008-08-13,2472.3
2008-08-14,2483.7
2008-08-15,2473.72
2008-08-18,2289.3
2008-08-19,2327.02
2008-08-20,2520.74
2008-08-21,2431.1
2008-08-22,2382.52
2008-08-25,2374.06
2008-08-26,2244.99
2008-08-27,2237.87
2008-08-28,2236.82
2008-08-29,2307.16
2008-09-01,2238.05
2008-09-02,2253.77
2008-09-03,2237.28
2008-09-04,2254.69
2008-09-05,2148.74
2008-09-08,2039.89
2008-09-09,2057.56
2008-09-10,2072.81
2008-09-11,2034.25
2008-09-12,2038.66
2008-09-16,1993.46
2008-09-17,1956.04
2008-09-18,1899.32
2008-09-19,2086.83
2008-09-22,2182.79
2008-09-23,2042.2
2008-09-24,2088.55
2008-09-25,2138.07
2008-09-26,2136
2008-10-06,2054.04
2008-10-07,2046.19
2008-10-08,1995.28
2008-10-09,1969.82
2008-10-10,1837.36
2008-10-13,1872.95
2008-10-14,1816.32
2008-10-15,1806.79
2008-10-16,1704.22
2008-10-17,1726.4
2008-10-20,1786.56
2008-10-21,1782.66
2008-10-22,1748.84
2008-10-23,1766.59
2008-10-24,1741.18
2008-10-27,1604.76
2008-10-28,1642.06
2008-10-29,1576.93
2008-10-30,1590.26
2008-10-31,1562.02
2008-11-03,1539.8
2008-11-04,1513.5
2008-11-05,1563.37
2008-11-06,1536.43
2008-11-07,1561.22
2008-11-10,1676.28
2008-11-11,1662.85
2008-11-12,1704.23
2008-11-13,1784.5
2008-11-14,1867.49
2008-11-17,1959.07
2008-11-18,1816.29
2008-11-19,1944.33
2008-11-20,1948.61
2008-11-21,1921.04
2008-11-24,1842.34
2008-11-25,1827.64
2008-11-26,1834.78
2008-11-27,1861.52
2008-11-28,1841.45
2008-12-01,1919.48
2008-12-02,1957.32
2008-12-03,2039.93
2008-12-04,2037.72
2008-12-05,2098.66
2008-12-08,2190.53
2008-12-09,2134.9
2008-12-10,2195.74
2008-12-11,2127.18
2008-12-12,2031.6
2008-12-15,2073.03
2008-12-16,2110.24
2008-12-17,2136.31
2008-12-18,2175.36
2008-12-19,2194.99
2008-12-22,2193.48
2008-12-23,2054.53
2008-12-24,2009.41
2008-12-25,2002.81
2008-12-26,1983.54
2008-12-29,1984.37
2008-12-30,1970.92
2008-12-31,1939.43
2009-01-05,2020.24
2009-01-06,2091.89
2009-01-07,2104.92
2009-01-08,2052.3
2009-01-09,2107.77
2009-01-12,2137.84
2009-01-13,2081.67
2009-01-14,2160.06
2009-01-15,2181.06
2009-01-16,2195.63
2009-01-19,2192.81
2009-01-20,2214.84
2009-01-21,2217.63
2009-01-22,2256.37
2009-01-23,2238.08
2009-02-02,2306.77
2009-02-03,2369.65
2009-02-04,2423.89
2009-02-05,2384.76
2009-02-06,2493.74
2009-02-09,2579.23
2009-02-10,2653.21
2009-02-11,2658.05
2009-02-12,2707.92
2009-02-13,2805.01
2009-02-16,2854.44
2009-02-17,2738.58
2009-02-18,2632.91
2009-02-19,2687.49
2009-02-20,2776.96
2009-02-23,2871.79
2009-02-24,2754.24
2009-02-25,2771.1
2009-02-26,2571.28
2009-02-27,2416.95
2009-03-02,2478.81
2009-03-03,2499.83
2009-03-04,2651.41
2009-03-05,2671.58
2009-03-06,2653.47
2009-03-09,2536.01
2009-03-10,2601.42
2009-03-11,2587.37
2009-03-12,2597.23
2009-03-13,2569.63
2009-03-16,2603.06
2009-03-17,2699.59
2009-03-18,2734.55
2009-03-19,2797.16
2009-03-20,2784.11
2009-03-23,2843.88
2009-03-24,2865.33
2009-03-25,2785.66
2009-03-26,2853.41
2009-03-27,2877.88
2009-03-30,2883.21
2009-03-31,2914.13
2009-04-01,2962.84
2009-04-02,2965.74
2009-04-03,2934.25
2009-04-07,2968.52
2009-04-08,2867.17
2009-04-09,2915.02
2009-04-10,3009.38
2009-04-13,3050.37
2009-04-14,3099.43
2009-04-15,3143.82
2009-04-16,3159.26
2009-04-17,3119.42
2009-04-20,3205.88
2009-04-21,3205.08
2009-04-22,3042.64
2009-04-23,3059.71
2009-04-24,3036.76
2009-04-27,2916.11
2009-04-28,2959.95
2009-04-29,3040.04
2009-04-30,3086.22
2009-05-04,3190.25
2009-05-05,3220.62
2009-05-06,3264.58
2009-05-07,3242.63
2009-05-08,3257.59
2009-05-11,3134.57
2009-05-12,3212.14
2009-05-13,3234.15
2009-05-14,3246.56
2009-05-15,3270.74
2009-05-18,3295.65
2009-05-19,3325.53
2009-05-20,3306.47
2009-05-21,3247.48
2009-05-22,3254.53
2009-05-25,3271.5
2009-05-26,3274.85
2009-05-27,3276.75
2009-06-01,3332.34
2009-06-02,3353.92
2009-06-03,3380.19
2009-06-04,3375.87
2009-06-05,3355.78
2009-06-08,3350.24
2009-06-09,3366.91
2009-06-10,3403.21
2009-06-11,3383
2009-06-12,3309.59
2009-06-15,3356.71
2009-06-16,3349.35
2009-06-17,3403.96
2009-06-18,3431.28
2009-06-19,3434.06
2009-06-22,3405.13
2009-06-23,3392.11
2009-06-24,3431.44
2009-06-25,3427.47
2009-06-26,3448.46
2009-06-29,3476.79
2009-06-30,3452.26
2009-07-01,3503.75
2009-07-02,3540.51
2009-07-03,3584.86
2009-07-06,3592.64
2009-07-07,3589.19
2009-07-08,3633.43
2009-07-09,3701.79
2009-07-10,3719.97
2009-07-13,3754.34
2009-07-14,3813.88
2009-07-15,3848.63
2009-07-16,3829.21
2009-07-17,3852.86
2009-07-20,3919.43
2009-07-21,3824.29
2009-07-22,3894.56
2009-07-23,3933.11
2009-07-24,3907.97
2009-07-27,3972.64
2009-07-28,4022.91
2009-07-29,3764.64
2009-07-30,3803.12
2009-07-31,3928.58
2009-08-03,4020.27
2009-08-04,4069.35
2009-08-05,4069.34
2009-08-06,4015.42
2009-08-07,3893.13
2009-08-10,3933.05
2009-08-11,3953.29
2009-08-12,3770.14
2009-08-13,3778.14
2009-08-14,3609.7
2009-08-17,3358.1
2009-08-18,3424.78
2009-08-19,3247.53
2009-08-20,3374.35
2009-08-21,3468.04
2009-08-24,3541.8
2009-08-25,3485.92
2009-08-26,3595.12
2009-08-27,3629.51
2009-08-28,3531.41
2009-08-31,3278
2009-09-01,3245.27
2009-09-02,3265.07
2009-09-03,3427.44
2009-09-04,3489.06
2009-09-07,3527.25
2009-09-08,3592.81
2009-09-09,3613.41
2009-09-10,3581.68
2009-09-11,3641.82
2009-09-14,3736.58
2009-09-15,3775.21
2009-09-16,3781.06
2009-09-17,3868.67
2009-09-18,3739.73
2009-09-21,3804.33
2009-09-22,3708.2
2009-09-23,3595.71
2009-09-24,3568.67
2009-09-25,3536.81
2009-09-28,3434.66
2009-09-29,3372.07
2009-09-30,3400.62
2009-10-09,3576.44
2009-10-12,3597.86
2009-10-13,3659.08
2009-10-14,3692.65
2009-10-15,3704.4
2009-10-16,3716.9
2009-10-19,3808.18
2009-10-20,3865.83
2009-10-21,3839.95
2009-10-22,3855.77
2009-10-23,3908.44
2009-10-26,3911.65
2009-10-27,3807.98
2009-10-28,3846.42
2009-10-29,3777.51
2009-10-30,3827.68
2009-11-02,3955.78
2009-11-03,4053.21
2009-11-04,4083.48
2009-11-05,4125.78
2009-11-06,4145.14
2009-11-09,4176.19
2009-11-10,4182.77
2009-11-11,4199.55
2009-11-12,4213.25
2009-11-13,4267.01
2009-11-16,4364.97
2009-11-17,4387.55
2009-11-18,4406.78
2009-11-19,4476.14
2009-11-20,4508.29
2009-11-23,4591.34
2009-11-24,4347.66
2009-11-25,4512.08
2009-11-26,4328.41
2009-11-27,4215.34
2009-11-30,4405.33
2009-12-01,4525.29
2009-12-02,4591.38
2009-12-03,4621.94
2009-12-04,4506.08
2009-12-07,4581.24
2009-12-08,4571.76
2009-12-09,4498.15
2009-12-10,4536.56
2009-12-11,4534.76
2009-12-14,4513.59
2009-12-15,4523.49
2009-12-16,4506.04
2009-12-17,4364.93
2009-12-18,4203.48
2009-12-21,4256.39
2009-12-22,4136.82
2009-12-23,4210.17
2009-12-24,4345.3
2009-12-25,4376.19
2009-12-28,4447.21
2009-12-29,4463.6
2009-12-30,4446.07
2009-12-31,4485.26
2010-01-04,4510.53
2010-01-05,4557.48
2010-01-06,4550.28
2010-01-07,4459.15
2010-01-08,4514.45
2010-01-11,4542.95
2010-01-12,4639.63
2010-01-13,4591.02
2010-01-14,4714.1
2010-01-15,4747.65
2010-01-18,4829.06
2010-01-19,4830.02
2010-01-20,4651.07
2010-01-21,4667.21
2010-01-22,4537.88
2010-01-25,4481.16
2010-01-26,4294.38
2010-01-27,4267.11
2010-01-28,4336.38
2010-01-29,4374.65
2010-02-01,4331.37
2010-02-02,4301.77
2010-02-03,4363.08
2010-02-04,4408.44
2010-02-05,4311.29
2010-02-08,4310.89
2010-02-09,4311.89
2010-02-10,4366.25
2010-02-11,4356.52
2010-02-12,4416.22
2010-02-22,4419.55
2010-02-23,4459.15
2010-02-24,4556.28
2010-02-25,4629.97
2010-02-26,4634.67
2010-03-01,4686.27
2010-03-02,4690.29
2010-03-03,4758.43
2010-03-04,4586.52
2010-03-05,4604.59
2010-03-08,4654.58
2010-03-09,4660.13
2010-03-10,4598.99
2010-03-11,4562.87
2010-03-12,4492.86
2010-03-15,4454.76
2010-03-16,4491.47
2010-03-17,4616.05
2010-03-18,4630.95
2010-03-19,4663.9
2010-03-22,4690.2
2010-03-23,4658.63
2010-03-24,4683.07
2010-03-25,4620.75
2010-03-26,4686.93
2010-03-29,4723.61
2010-03-30,4744.42
2010-03-31,4756.16
2010-04-01,4827.21
2010-04-02,4843.17
2010-04-06,4852.9
2010-04-07,4863.64
2010-04-08,4864.92
2010-04-09,4939.18
2010-04-12,4976.38
2010-04-13,4919.87
2010-04-14,4977.51
2010-04-15,4914.75
2010-04-16,4898.67
2010-04-19,4688.84
2010-04-20,4749.93
2010-04-21,4893.98
2010-04-22,4902.4
2010-04-23,4864.16
2010-04-26,4866.55
2010-04-27,4739.27
2010-04-28,4714.43
2010-04-29,4561.4
2010-04-30,4438.68
2010-05-04,4434.13
2010-05-05,4564.81
2010-05-06,4419.78
2010-05-07,4350.76
2010-05-10,4269.11
2010-05-11,4144.35
2010-05-12,4042.52
2010-05-13,4157.84
2010-05-14,4184.84
2010-05-17,3915.75
2010-05-18,3972.15
2010-05-19,3977.38
2010-05-20,3901.26
2010-05-21,3982.39
2010-05-24,4163.48
2010-05-25,4133.35
2010-05-26,4144.66
2010-05-27,4218.64
2010-05-28,4235.32
2010-05-31,4104.36
2010-06-01,4025.79
2010-06-02,4083.62
2010-06-03,4053.99
2010-06-04,4089.04
2010-06-07,4072.57
2010-06-08,4109.32
2010-06-09,4211.88
2010-06-10,4223.57
2010-06-11,4198
2010-06-17,4145.24
2010-06-18,3972.29
2010-06-21,4087.02
2010-06-22,4119.72
2010-06-23,4094.57
2010-06-24,4095.3
2010-06-25,4028.43
2010-06-28,3961.38
2010-06-29,3736.98
2010-06-30,3664.46
2010-07-01,3606.59
2010-07-02,3585.58
2010-07-05,3563.88
2010-07-06,3665.33
2010-07-07,3718.66
2010-07-08,3698.34
2010-07-09,3807.6
2010-07-12,3849.52
2010-07-13,3788.75
2010-07-14,3824.05
2010-07-15,3735.4
2010-07-16,3757.43
2010-07-19,3842.31
2010-07-20,3951.36
2010-07-21,3959.43
2010-07-22,4017.86
2010-07-23,4015.47
2010-07-26,4071.09
2010-07-27,4068.86
2010-07-28,4162.32
2010-07-29,4194.04
2010-07-30,4191.13
2010-08-02,4267.9
2010-08-03,4193.64
2010-08-04,4248.01
2010-08-05,4267.96
2010-08-06,4356.01
2010-08-09,4413.57
2010-08-10,4246.46
2010-08-11,4297.9
2010-08-12,4241.59
2010-08-13,4323.05
2010-08-16,4423.32
2010-08-17,4457.76
2010-08-18,4457.13
2010-08-19,4461.49
2010-08-20,4366.6
2010-08-23,4404.72
2010-08-24,4456.5
2010-08-25,4368.3
2010-08-26,4399.28
2010-08-27,4431.44
2010-08-30,4553.02
2010-08-31,4589.29
2010-09-01,4530.23
2010-09-02,4625.4
2010-09-03,4662.96
2010-09-06,4651.96
2010-09-07,4679.94
2010-09-08,4720.38
2010-09-09,4658.01
2010-09-10,4705.31
2010-09-13,4789.69
2010-09-14,4805.42
2010-09-15,4730.14
2010-09-16,4610.92
2010-09-17,4603.49
2010-09-20,4553.12
2010-09-21,4546.72
2010-09-27,4673.6
2010-09-28,4654.35
2010-09-29,4590.32
2010-09-30,4660.61
2010-10-08,4767.97
2010-10-11,4789.15
2010-10-12,4806.03
2010-10-13,4836.74
2010-10-14,4679.55
2010-10-15,4691.45
2010-10-18,4636.64
2010-10-19,4778.61
2010-10-20,4794.19
2010-10-21,4833.8
2010-10-22,4877.93
2010-10-25,4998.5
2010-10-26,5046.15
2010-10-27,4994.77
2010-10-28,4999.59
2010-10-29,5055.49
2010-11-01,5199.53
2010-11-02,5173.07
2010-11-03,5098.54
2010-11-04,5228.3
2010-11-05,5311.77
2010-11-08,5431.09
2010-11-09,5467.84
2010-11-10,5484.74
2010-11-11,5440.1
2010-11-12,5111.19
2010-11-15,5255.27
2010-11-16,5068.47
2010-11-17,4855.85
2010-11-18,4932.4
2010-11-19,5081.03
2010-11-22,5150.67
2010-11-23,5063.24
2010-11-24,5206.15
2010-11-25,5259.81
2010-11-26,5227.65
2010-11-29,5248.75
2010-11-30,5110.88
2010-12-01,5116.84
2010-12-02,5138.49
2010-12-03,5100.37
2010-12-06,5016.53
2010-12-07,5084.58
2010-12-08,5069.97
2010-12-09,4964.9
2010-12-10,5039.17
2010-12-13,5179.02
2010-12-14,5244.04
2010-12-15,5230.68
2010-12-16,5216.85
2010-12-17,5228.34
2010-12-20,5163.53
2010-12-21,5222.79
2010-12-22,5174.54
2010-12-23,5069.52
2010-12-24,4991.54
2010-12-27,4849.63
2010-12-28,4730.5
2010-12-29,4812.53
2010-12-30,4828.49
2010-12-31,4936.72
2011-01-04,5011.5
2011-01-05,5028.77
2011-01-06,5001.28
2011-01-07,4975.14
2011-01-10,4830.56
2011-01-11,4804.82
2011-01-12,4833.58
2011-01-13,4826.76
2011-01-14,4723.43
2011-01-17,4519.91
2011-01-18,4536.96
2011-01-19,4646.09
2011-01-20,4477.36
2011-01-21,4506.32
2011-01-24,4398.5
2011-01-25,4341.91
2011-01-26,4424.89
2011-01-27,4502.81
2011-01-28,4548.21
2011-01-31,4610.86
2011-02-01,4630.58
2011-02-09,4609.72
2011-02-10,4733.97
2011-02-11,4786.81
2011-02-14,4872.5
2011-02-15,4869.69
2011-02-16,4952.67
2011-02-17,4987.48
2011-02-18,4941.43
2011-02-21,5042.97
2011-02-22,4909.75
2011-02-23,4979.06
2011-02-24,5027.73
2011-02-25,5032.8
2011-02-28,5095.21
2011-03-01,5122.44
2011-03-02,5108.74
2011-03-03,5009.05
2011-03-04,5067.62
2011-03-07,5138.25
2011-03-08,5165.74
2011-03-09,5181.37
2011-03-10,5143.41
2011-03-11,5139.75
2011-03-14,5190.04
2011-03-15,5131.33
2011-03-16,5199.36
2011-03-17,5104.13
2011-03-18,5126.93
2011-03-21,5086.11
2011-03-22,5085.81
2011-03-23,5155.34
2011-03-24,5169.26
2011-03-25,5212.35
2011-03-28,5199.55
2011-03-29,5111.15
2011-03-30,5064.55
2011-03-31,5000.4
2011-04-01,5065.08
2011-04-06,5057.84
2011-04-07,5089.75
2011-04-08,5148.8
2011-04-11,5107.14
2011-04-12,5114.46
2011-04-13,5165.21
2011-04-14,5150.87
2011-04-15,5162.42
2011-04-18,5178.89
2011-04-19,5116.14
2011-04-20,5152.4
2011-04-21,5188.11
2011-04-22,5165.12
2011-04-25,5054.77
2011-04-26,4970.57
2011-04-27,4913.5
2011-04-28,4755.42
2011-04-29,4836.87
2011-05-03,4920.57
2011-05-04,4814.78
2011-05-05,4827.21
2011-05-06,4849.97
2011-05-09,4889.92
2011-05-10,4918.67
2011-05-11,4929.49
2011-05-12,4863.8
2011-05-13,4902.56
2011-05-16,4900.71
2011-05-17,4873.95
2011-05-18,4906.19
2011-05-19,4879.89
2011-05-20,4863.19
2011-05-23,4679.53
2011-05-24,4672.08
2011-05-25,4618.75
2011-05-26,4572.94
2011-05-27,4428.89
2011-05-30,4345.05
2011-05-31,4444.28
2011-06-01,4490.89
2011-06-02,4430
2011-06-03,4506.2
2011-06-07,4547.3
2011-06-08,4562.97
2011-06-09,4456.73
2011-06-10,4469.05
2011-06-13,4468.79
2011-06-14,4540.94
2011-06-15,4499.69
2011-06-16,4402.14
2011-06-17,4337.37
2011-06-20,4278.75
2011-06-21,4338.42
2011-06-22,4321.22
2011-06-23,4402.94
2011-06-24,4509.18
2011-06-27,4568.19
2011-06-28,4574.48
2011-06-29,4511.55
2011-06-30,4579.33
2011-07-01,4604.75
2011-07-04,4719.39
2011-07-05,4749.42
2011-07-06,4760.92
2011-07-07,4761.45
2011-07-08,4756.61
2011-07-11,4799.42
2011-07-12,4731.12
2011-07-13,4825.42
2011-07-14,4866.17
2011-07-15,4896.04
2011-07-18,4895.26
2011-07-19,4843.71
2011-07-20,4849.06
2011-07-21,4784.39
2011-07-22,4800.94
2011-07-25,4613.73
2011-07-26,4633.37
2011-07-27,4710.38
2011-07-28,4680.9
2011-07-29,4628.32
2011-08-01,4644.46
2011-08-02,4610.78
2011-08-03,4625.17
2011-08-04,4649.42
2011-08-05,4559.02
2011-08-08,4330.77
2011-08-09,4317.11
2011-08-10,4378.7
2011-08-11,4454.39
2011-08-12,4505.89
2011-08-15,4571.72
2011-08-16,4533.32
2011-08-17,4513.49
2011-08-18,4436.1
2011-08-19,4395.02
2011-08-22,4363.96
2011-08-23,4434.92
2011-08-24,4427.98
2011-08-25,4520.17
2011-08-26,4530.42
2011-08-29,4490.16
2011-08-30,4451.73
2011-08-31,4430.54
2011-09-01,4395.07
2011-09-02,4344.98
2011-09-05,4238.07
2011-09-06,4204.91
2011-09-07,4306.36
2011-09-08,4260.15
2011-09-09,4233.75
2011-09-13,4164.29
2011-09-14,4212.13
2011-09-15,4215.5
2011-09-16,4214.82
2011-09-19,4131.88
2011-09-20,4151.85
2011-09-21,4275.09
2011-09-22,4151.8
2011-09-23,4117.74
2011-09-26,4051.43
2011-09-27,4068.23
2011-09-28,3999.78
2011-09-29,3871.06
2011-09-30,3856.83
2011-10-10,3832.58
2011-10-11,3817.93
2011-10-12,3950.66
2011-10-13,4001.85
2011-10-14,3985.19
2011-10-17,3997.12
2011-10-18,3877.02
2011-10-19,3854.17
2011-10-20,3740.47
2011-10-21,3671.7
2011-10-24,3736.77
2011-10-25,3842.98
2011-10-26,3884.39
2011-10-27,3888.99
2011-10-28,3978.8
2011-10-31,3999.36
2011-11-01,3999.83
2011-11-02,4072.78
2011-11-03,4097.62
2011-11-04,4131.13
2011-11-07,4114.77
2011-11-08,4057.56
2011-11-09,4126
2011-11-10,4064.37
2011-11-11,4062.14
2011-11-14,4159.57
2011-11-15,4192.67
2011-11-16,4088.32
2011-11-17,4079.54
2011-11-18,3963.26
2011-11-21,3966.64
2011-11-22,3957.93
2011-11-23,3942.7
2011-11-24,3935.27
2011-11-25,3911.36
2011-11-28,3915.3
2011-11-29,3980.62
2011-11-30,3819.94
2011-12-01,3897.02
2011-12-02,3817.04
2011-12-05,3692.23
2011-12-06,3691.8
2011-12-07,3702.1
2011-12-08,3700.09
2011-12-09,3663.84
2011-12-12,3616.09
2011-12-13,3490.4
2011-12-14,3423.47
2011-12-15,3329.58
2011-12-16,3427.21
2011-12-19,3434.85
2011-12-20,3424.45
2011-12-21,3342.4
2011-12-22,3298.72
2011-12-23,3327.39
2011-12-26,3308.07
2011-12-27,3224.15
2011-12-28,3207.4
2011-12-29,3207.18
2011-12-30,3266.78
2012-01-04,3192.23
2012-01-05,3074.37
2012-01-06,3087.55
2012-01-09,3212.9
2012-01-10,3345.39
2012-01-11,3346.74
2012-01-12,3345.81
2012-01-13,3233.7
2012-01-16,3130.56
2012-01-17,3304.88
2012-01-18,3237.85
2012-01-19,3270.77
2012-01-20,3315.6
2012-01-30,3292.41
2012-01-31,3294.49
2012-02-01,3266.23
2012-02-02,3328.15
2012-02-03,3383.05
2012-02-06,3412.41
2012-02-07,3356.84
2012-02-08,3445.52
2012-02-09,3469.85
2012-02-10,3488.23
2012-02-13,3519.88
2012-02-14,3524.63
2012-02-15,3578.15
2012-02-16,3577.2
2012-02-17,3565.31
2012-02-20,3574.46
2012-02-21,3618.3
2012-02-22,3689
2012-02-23,3700.89
2012-02-24,3756.83
2012-02-27,3764.33
2012-02-28,3745.58
2012-02-29,3696.14
2012-03-01,3715.67
2012-03-02,3794.42
2012-03-05,3798.38
2012-03-06,3760.59
2012-03-07,3732.71
2012-03-08,3791.83
2012-03-09,3848.11
2012-03-12,3871.12
2012-03-13,3910.06
2012-03-14,3734.32
2012-03-15,3689.01
2012-03-16,3786.62
2012-03-19,3829.7
2012-03-20,3746.28
2012-03-21,3760.05
2012-03-22,3742.39
2012-03-23,3670.13
2012-03-26,3666.28
2012-03-27,3652.88
2012-03-28,3490.01
2012-03-29,3425.7
2012-03-30,3416.86
2012-04-05,3531.55
2012-04-06,3554.03
2012-04-09,3512.91
2012-04-10,3554.04
2012-04-11,3566.48
2012-04-12,3640.41
2012-04-13,3675.03
2012-04-16,3685.48
2012-04-17,3631.56
2012-04-18,3714.02
2012-04-19,3704.71
2012-04-20,3736.37
2012-04-23,3691.57
2012-04-24,3666.4
2012-04-25,3718.91
2012-04-26,3700.03
2012-04-27,3664.64
2012-05-02,3718.26
2012-05-03,3733.82
2012-05-04,3758
2012-05-07,3784.56
2012-05-08,3783.47
2012-05-09,3717.47
2012-05-10,3731.13
2012-05-11,3715.39
2012-05-14,3710.1
2012-05-15,3705.88
2012-05-16,3660.31
2012-05-17,3714.19
2012-05-18,3655.86
2012-05-21,3653.55
2012-05-22,3711.06
2012-05-23,3708.92
2012-05-24,3678.09
2012-05-25,3635.52
2012-05-28,3687.46
2012-05-29,3745.68
2012-05-30,3752.22
2012-05-31,3753.59
2012-06-01,3744.44
2012-06-04,3621.81
2012-06-05,3617.61
2012-06-06,3600.16
2012-06-07,3581.14
2012-06-08,3564.16
2012-06-11,3630.31
2012-06-12,3608.39
2012-06-13,3674.88
2012-06-14,3652.71
2012-06-15,3648.99
2012-06-18,3684.73
2012-06-19,3657.96
2012-06-20,3636.09
2012-06-21,3590.84
2012-06-25,3493.12
2012-06-26,3489.97
2012-06-27,3476.4
2012-06-28,3427.82
2012-06-29,3470.97
2012-07-02,3509.5
2012-07-03,3515.78
2012-07-04,3497.75
2012-07-05,3418.2
2012-07-06,3486.55
2012-07-09,3398.81
2012-07-10,3365.67
2012-07-11,3404.1
2012-07-12,3450.3
2012-07-13,3435.08
2012-07-16,3311.09
2012-07-17,3334.29
2012-07-18,3352.85
2012-07-19,3392.66
2012-07-20,3369.91
2012-07-23,3337.86
2012-07-24,3361.09
2012-07-25,3332.09
2012-07-26,3302.34
2012-07-27,3283.59
2012-07-30,3217.45
2012-07-31,3159.19
2012-08-01,3216.18
2012-08-02,3195.86
2012-08-03,3259.86
2012-08-06,3337.27
2012-08-07,3368.25
2012-08-08,3356.49
2012-08-09,3405.06
2012-08-10,3395.85
2012-08-13,3318.1
2012-08-14,3349.59
2012-08-15,3310.84
2012-08-16,3286.83
2012-08-17,3286.78
2012-08-20,3289.44
2012-08-21,3335.75
2012-08-22,3306.11
2012-08-23,3327.99
2012-08-24,3265.75
2012-08-27,3184.33
2012-08-28,3200.99
2012-08-29,3179.54
2012-08-30,3129.5
2012-08-31,3139.5
2012-09-03,3200.31
2012-09-04,3164.83
2012-09-05,3181.8
2012-09-06,3217.94
2012-09-07,3334.66
2012-09-10,3363.61
2012-09-11,3350.09
2012-09-12,3376.12
2012-09-13,3329.3
2012-09-14,3338.04
2012-09-17,3237.7
2012-09-18,3224.26
2012-09-19,3255.87
2012-09-20,3161.76
2012-09-21,3143.71
2012-09-24,3167.16
2012-09-25,3144.41
2012-09-26,3071.99
2012-09-27,3141.08
2012-09-28,3199.75
2012-10-08,3183.37
2012-10-09,3265.62
2012-10-10,3296.92
2012-10-11,3248.05
2012-10-12,3240.4
2012-10-15,3223.19
2012-10-16,3233.23
2012-10-17,3240.78
2012-10-18,3294.84
2012-10-19,3285.45
2012-10-22,3298.49
2012-10-23,3259.07
2012-10-24,3257.92
2012-10-25,3226.17
2012-10-26,3163.3
2012-10-29,3158.94
2012-10-30,3160.69
2012-10-31,3168.1
2012-11-01,3228.19
2012-11-02,3249.55
2012-11-05,3235.35
2012-11-06,3213.26
2012-11-07,3209.14
2012-11-08,3129.57
2012-11-09,3116.98
2012-11-12,3136.31
2012-11-13,3072.12
2012-11-14,3081.25
2012-11-15,3026.84
2012-11-16,3009.15
2012-11-19,3016.16
2012-11-20,3004.18
2012-11-21,3035.28
2012-11-22,2995.09
2012-11-23,3005.46
2012-11-26,2970.32
2012-11-27,2864.17
2012-11-28,2800.54
2012-11-29,2774.18
2012-11-30,2816.62
2012-12-03,2749.13
2012-12-04,2783.41
2012-12-05,2886.19
2012-12-06,2884.35
2012-12-07,2950.19
2012-12-10,3002.23
2012-12-11,2982.03
2012-12-12,2982.89
2012-12-13,2943.28
2012-12-14,3066.23
2012-12-17,3091.88
2012-12-18,3086.58
2012-12-19,3099.09
2012-12-20,3108.86
2012-12-21,3101.07
2012-12-24,3117.7
2012-12-25,3189.09
2012-12-26,3228.68
2012-12-27,3199.48
2012-12-28,3235.2
2012-12-31,3275.86
2013-01-04,3258.25
2013-01-07,3288.37
2013-01-08,3327.04
2013-01-09,3334.99
2013-01-10,3356.35
2013-01-11,3271.18
2013-01-14,3384.75
2013-01-15,3450.68
2013-01-16,3450.56
2013-01-17,3408.02
2013-01-18,3464.65
2013-01-21,3491.12
2013-01-22,3435.43
2013-01-23,3441.75
2013-01-24,3369.73
2013-01-25,3364.06
2013-01-28,3449.79
2013-01-29,3482.52
2013-01-30,3500.58
2013-01-31,3479.64
2013-02-01,3507.71
2013-02-04,3484.36
2013-02-05,3520.65
2013-02-06,3544.39
2013-02-07,3557.67
2013-02-08,3608.59
2013-02-18,3627.78
2013-02-19,3561.36
2013-02-20,3635.38
2013-02-21,3560.32
2013-02-22,3548.36
2013-02-25,3587.59
2013-02-26,3533.2
2013-02-27,3535.9
2013-02-28,3608.2
2013-03-01,3648.42
2013-03-04,3518.72
2013-03-05,3597.92
2013-03-06,3653.93
2013-03-07,3609.64
2013-03-08,3570.38
2013-03-11,3571.11
2013-03-12,3481.18
2013-03-13,3449.35
2013-03-14,3464.85
2013-03-15,3471.21
2013-03-18,3427.12
2013-03-19,3438.07
2013-03-20,3527.77
2013-03-21,3565.02
2013-03-22,3579.92
2013-03-25,3568.52
2013-03-26,3543.81
2013-03-27,3552.26
2013-03-28,3448.98
2013-03-29,3447.29
2013-04-01,3470.96
2013-04-02,3428.5
2013-04-03,3397.23
2013-04-08,3411.13
2013-04-09,3444.37
2013-04-10,3437.27
2013-04-11,3423.22
2013-04-12,3394.52
2013-04-15,3346.85
2013-04-16,3383.08
2013-04-17,3412.42
2013-04-18,3423.01
2013-04-19,3495.24
2013-04-22,3511.62
2013-04-23,3416.45
2013-04-24,3484.57
2013-04-25,3431.4
2013-04-26,3367.77
2013-05-02,3383.4
2013-05-03,3448.64
2013-05-06,3514.46
2013-05-07,3521.48
2013-05-08,3553.85
2013-05-09,3555.77
2013-05-10,3577.33
2013-05-13,3590.76
2013-05-14,3549.3
2013-05-15,3597.11
2013-05-16,3635.76
2013-05-17,3691.4
2013-05-20,3737.75
2013-05-21,3787.06
2013-05-22,3755.87
2013-05-23,3724.23
2013-05-24,3782.07
2013-05-27,3820.43
2013-05-28,3827.78
2013-05-29,3856.32
2013-05-30,3865.13
2013-05-31,3841.22
2013-06-03,3814.51
2013-06-04,3739.72
2013-06-05,3755.15
2013-06-06,3688.74
2013-06-07,3616.21
2013-06-13,3515.05
2013-06-14,3584.98
2013-06-17,3593.37
2013-06-18,3605.76
2013-06-19,3583.3
2013-06-20,3465
2013-06-21,3446.48
2013-06-24,3232.96
2013-06-25,3219.13
2013-06-26,3285.82
2013-06-27,3233.22
2013-06-28,3235.98
2013-07-01,3304.59
2013-07-02,3359.05
2013-07-03,3364.18
2013-07-04,3390.49
2013-07-05,3371.53
2013-07-08,3240.48
2013-07-09,3259.91
2013-07-10,3361.4
2013-07-11,3455.88
2013-07-12,3425.14
2013-07-15,3493.44
2013-07-16,3536.31
2013-07-17,3485.07
2013-07-18,3481.2
2013-07-19,3394.31
2013-07-22,3461.28
2013-07-23,3544.97
2013-07-24,3566.28
2013-07-25,3498.24
2013-07-26,3494.16
2013-07-29,3426.59
2013-07-30,3411.22
2013-07-31,3430.74
2013-08-01,3521.15
2013-08-02,3533.61
2013-08-05,3592.54
2013-08-06,3631.12
2013-08-07,3596.32
2013-08-08,3605.85
2013-08-09,3618.74
2013-08-12,3676.2
2013-08-13,3695.55
2013-08-14,3681.08
2013-08-15,3631.32
2013-08-16,3554.35
2013-08-19,3609.03
2013-08-20,3599.64
2013-08-21,3627.5
2013-08-22,3636.47
2013-08-23,3627.97
2013-08-26,3703.59
2013-08-27,3732.1
2013-08-28,3703.92
2013-08-29,3701.08
2013-08-30,3664.15
2013-09-02,3689.96
2013-09-03,3744.87
2013-09-04,3755.24
2013-09-05,3762.57
2013-09-06,3792.83
2013-09-09,3831.93
2013-09-10,3870.92
2013-09-11,3834.26
2013-09-12,3845.07
2013-09-13,3849.82
2013-09-16,3854.21
2013-09-17,3786.29
2013-09-18,3822.12
2013-09-23,3899.63
2013-09-24,3903.52
2013-09-25,3889.22
2013-09-26,3808.22
2013-09-27,3822.76
2013-09-30,3872.89
2013-10-08,3938.07
2013-10-09,3981.06
2013-10-10,3959.63
2013-10-11,4026.92
2013-10-14,4068.32
2013-10-15,4074.08
2013-10-16,3963.21
2013-10-17,3956.97
2013-10-18,3970.64
2013-10-21,4069.03
2013-10-22,4026.52
2013-10-23,3924.22
2013-10-24,3898.16
2013-10-25,3821.78
2013-10-28,3808.7
2013-10-29,3703.86
2013-10-30,3764.45
2013-10-31,3713.83
2013-11-01,3702.45
2013-11-04,3728.19
2013-11-05,3777.4
2013-11-06,3737.11
2013-11-07,3685.04
2013-11-08,3629.94
2013-11-11,3645.84
2013-11-12,3680.54
2013-11-13,3611.76
2013-11-14,3659.83
2013-11-15,3736.45
2013-11-18,3827.88
2013-11-19,3840.37
2013-11-20,3878.58
2013-11-21,3865.41
2013-11-22,3842.76
2013-11-25,3839.6
2013-11-26,3845.68
2013-11-27,3889.76
2013-11-28,3922.67
2013-11-29,3946.38
2013-12-02,3770.87
2013-12-03,3859.96
2013-12-04,3933
2013-12-05,3928.72
2013-12-06,3918.78
2013-12-09,3947.7
2013-12-10,3950.49
2013-12-11,3906.78
2013-12-12,3916.96
2013-12-13,3925.43
2013-12-16,3857.72
2013-12-17,3834.03
2013-12-18,3834.05
2013-12-19,3795.02
2013-12-20,3747
2013-12-23,3742.74
2013-12-24,3768.7
2013-12-25,3808.45
2013-12-26,3743.13
2013-12-27,3800.77
2013-12-30,3813
2013-12-31,3829.1
2014-01-02,3847.88
2014-01-03,3816.32
2014-01-06,3710.9
2014-01-07,3733.66
2014-01-08,3738.21
2014-01-09,3696.02
2014-01-10,3628.63
2014-01-13,3612.02
2014-01-14,3683.53
2014-01-15,3708.14
2014-01-16,3714.31
2014-01-17,3671.92
2014-01-20,3644.13
2014-01-21,3700.11
2014-01-22,3799.04
2014-01-23,3825.49
2014-01-24,3882.67
2014-01-27,3881.95
2014-01-28,3873.81
2014-01-29,3908.45
2014-01-30,3885.42
2014-02-07,3957.67
2014-02-10,4074.63
2014-02-11,4080.38
2014-02-12,4125.41
2014-02-13,4064.42
2014-02-14,4134.16
2014-02-17,4212.75
2014-02-18,4207.7
2014-02-19,4207.99
2014-02-20,4149.07
2014-02-21,4121.92
2014-02-24,4105.79
2014-02-25,3961.44
2014-02-26,3987.48
2014-02-27,3934.73
2014-02-28,3975.93
2014-03-03,4058.8
2014-03-04,4059.57
2014-03-05,4037.78
2014-03-06,4032.76
2014-03-07,4012.45
2014-03-10,3860.24
2014-03-11,3864.26
2014-03-12,3865.66
2014-03-13,3907.15
2014-03-14,3888.98
2014-03-17,3967.15
2014-03-18,3989.2
2014-03-19,3980.67
2014-03-20,3876.58
2014-03-21,3952.39
2014-03-24,3985.86
2014-03-25,3991.14
2014-03-26,4001.5
2014-03-27,3944.04
2014-03-28,3865.3
2014-03-31,3840.54
2014-04-01,3899.49
2014-04-02,3902.04
2014-04-03,3896.28
2014-04-04,3939.23
2014-04-08,3981.63
2014-04-09,4018.55
2014-04-10,4038.84
2014-04-11,4021.19
2014-04-14,4051.33
2014-04-15,4021.91
2014-04-16,4019.88
2014-04-17,4014.94
2014-04-18,4029.26
2014-04-21,3965.34
2014-04-22,3947.17
2014-04-23,3929.17
2014-04-24,3884.81
2014-04-25,3800.68
2014-04-28,3684.59
2014-04-29,3738.93
2014-04-30,3766.17
2014-05-05,3798.29
2014-05-06,3817.98
2014-05-07,3749.97
2014-05-08,3754.01
2014-05-09,3716.02
2014-05-12,3812.76
2014-05-13,3806.89
2014-05-14,3803.8
2014-05-15,3732.34
2014-05-16,3726.66
2014-05-19,3705.36
2014-05-20,3715.71
2014-05-21,3747.33
2014-05-22,3746.14
2014-05-23,3786.56
2014-05-26,3827.49
2014-05-27,3818.32
2014-05-28,3861.59
2014-05-29,3821.87
2014-05-30,3829.24
2014-06-03,3822.72
2014-06-04,3789.29
2014-06-05,3832.06
2014-06-06,3818.33
2014-06-09,3797.43
2014-06-10,3840.02
2014-06-11,3858.05
2014-06-12,3850.11
2014-06-13,3891.56
2014-06-16,3914.98
2014-06-17,3879.34
2014-06-18,3858.1
2014-06-19,3755.69
2014-06-20,3789.34
2014-06-23,3815.88
2014-06-24,3839.2
2014-06-25,3814.03
2014-06-26,3861.95
2014-06-27,3889.32
2014-06-30,3924.9
2014-07-01,3951.73
2014-07-02,3979.31
2014-07-03,4019.65
2014-07-04,4004.56
2014-07-07,4014.49
2014-07-08,4039.71
2014-07-09,3982.4
2014-07-10,3982.2
2014-07-11,4029.75
2014-07-14,4090.8
2014-07-15,4093.11
2014-07-16,4062.12
2014-07-17,4031.44
2014-07-18,4042.52
2014-07-21,4030.24
2014-07-22,4083.29
2014-07-23,4057.11
2014-07-24,4054.22
2014-07-25,4089.8
2014-07-28,4168.37
2014-07-29,4207.86
2014-07-30,4214.84
2014-07-31,4257.05
2014-08-01,4210.22
2014-08-04,4278.85
2014-08-05,4300.12
2014-08-06,4328.6
2014-08-07,4286.09
2014-08-08,4311.7
2014-08-11,4377.02
2014-08-12,4399.81
2014-08-13,4401.81
2014-08-14,4373.5
2014-08-15,4423.64
2014-08-18,4483.54
2014-08-19,4496.94
2014-08-20,4497.4
2014-08-21,4495.44
2014-08-22,4521.75
2014-08-25,4487.14
2014-08-26,4407.59
2014-08-27,4421.21
2014-08-28,4381.49
2014-08-29,4427.88
2014-09-01,4507.44
2014-09-02,4576.12
2014-09-03,4608.56
2014-09-04,4647.89
2014-09-05,4666.47
2014-09-09,4701.7
2014-09-10,4709.91
2014-09-11,4704.94
2014-09-12,4756.95
2014-09-15,4807.56
2014-09-16,4645.55
2014-09-17,4686.05
2014-09-18,4719.01
2014-09-19,4758.73
2014-09-22,4694.23
2014-09-23,4754.47
2014-09-24,4815.71
2014-09-25,4814.74
2014-09-26,4829.94
2014-09-29,4877.44
2014-09-30,4916.12
2014-10-08,4993.53
2014-10-09,5004
2014-10-10,4981.85
2014-10-13,4982.68
2014-10-14,4966.08
2014-10-15,4987.71
2014-10-16,4906.24
2014-10-17,4860.73
2014-10-20,4929.16
2014-10-21,4884.02
2014-10-22,4825.61
2014-10-23,4755.23
2014-10-24,4774.67
2014-10-27,4809.52
2014-10-28,4924.96
2014-10-29,4991.76
2014-10-30,4992.63
2014-10-31,4986.42
2014-11-03,5028.7
2014-11-04,5003.47
2014-11-05,4995.44
2014-11-06,5024.85
2014-11-07,4977.26
2014-11-10,5031
2014-11-11,4881.48
2014-11-12,4965.38
2014-11-13,4921.67
2014-11-14,4909.61
2014-11-17,4958.47
2014-11-18,4967.65
2014-11-19,4985.1
2014-11-20,4974.63
2014-11-21,5029.77
2014-11-24,5112.12
2014-11-25,5189
2014-11-26,5214.21
2014-11-27,5251.39
2014-11-28,5245.27
2014-12-01,5208.14
2014-12-02,5277.66
2014-12-03,5339.01
2014-12-04,5451.96
2014-12-05,5333.89
2014-12-08,5412.67
2014-12-09,5195.41
2014-12-10,5374.1
2014-12-11,5454.44
2014-12-12,5493.2
2014-12-15,5583.6
2014-12-16,5606.69
2014-12-17,5557.29
2014-12-18,5558.05
2014-12-19,5524.12
2014-12-22,5305.21
2014-12-23,5193.72
2014-12-24,5262.37
2014-12-25,5364.56
2014-12-26,5422.75
2014-12-29,5367.64
2014-12-30,5275.09
2014-12-31,5322.71
2015-01-05,5417.02
2015-01-06,5479.86
2015-01-07,5488.24
2015-01-08,5444.04
2015-01-09,5409.06
2015-01-12,5332.22
2015-01-13,5405.09
2015-01-14,5379.74
2015-01-15,5449.04
2015-01-16,5520.12
2015-01-19,5281.9
2015-01-20,5472.51
2015-01-21,5611.69
2015-01-22,5690.16
2015-01-23,5633.29
2015-01-26,5758.98
2015-01-27,5773.82
2015-01-28,5739.92
2015-01-29,5701.21
2015-01-30,5632.73
2015-02-02,5609.39
2015-02-03,5707.48
2015-02-04,5683.52
2015-02-05,5654.22
2015-02-06,5534.79
2015-02-09,5504.97
2015-02-10,5580.7
2015-02-11,5641.79
2015-02-12,5681.34
2015-02-13,5769.27
2015-02-16,5869.71
2015-02-17,5911.1
2015-02-25,5906.54
2015-02-26,5969.56
2015-02-27,6018.46
2015-03-02,6139.79
2015-03-03,6118.66
2015-03-04,6210.42
2015-03-05,6208.99
2015-03-06,6133.03
2015-03-09,6212.24
2015-03-10,6276.49
2015-03-11,6262.89
2015-03-12,6260.14
2015-03-13,6329.58
2015-03-16,6516.77
2015-03-17,6618.05
2015-03-18,6728.07
2015-03-19,6782.46
2015-03-20,6850.9
2015-03-23,7017.15
2015-03-24,7046.12
2015-03-25,7124.87
2015-03-26,7074.44
2015-03-27,7155.95
2015-03-30,7245.5
2015-03-31,7253.1
2015-04-01,7425.73
2015-04-02,7560.65
2015-04-03,7679.01
2015-04-07,7863.28
2015-04-08,7808
2015-04-09,7746.15
2015-04-10,7952.19
2015-04-13,8122.89
2015-04-14,8119.96
2015-04-15,7802.75
2015-04-16,7912.09
2015-04-17,7980.76
2015-04-20,7839.9
2015-04-21,8112.69
2015-04-22,8323.43
2015-04-23,8410.7
2015-04-24,8419.1
2015-04-27,8513.02
2015-04-28,8266.48
2015-04-29,8428.25
2015-04-30,8469.67
2015-05-04,8510.48
2015-05-05,8199.34
2015-05-06,8083
2015-05-07,7903.48
2015-05-08,8201.29
2015-05-11,8558.22
2015-05-12,8745.68
2015-05-13,8824.93
2015-05-14,8813.39
2015-05-15,8742.89
2015-05-18,8903.6
2015-05-19,9124.83
2015-05-20,9277.33
2015-05-21,9619.22
2015-05-22,9778.17
2015-05-25,10040.09
2015-05-26,10373.58
2015-05-27,10497.34
2015-05-28,9868.42
2015-05-29,9966.85
2015-06-01,10488.31
2015-06-02,10886.4
2015-06-03,10979.99
2015-06-04,10965.41
2015-06-05,11144.52
2015-06-08,11030.92
2015-06-09,11013.74
2015-06-10,11208.06
2015-06-11,11366.29
2015-06-12,11545.89
2015-06-15,11332.89
2015-06-16,10879.84
2015-06-17,11100.55
2015-06-18,10731.38
2015-06-19,9987.41
2015-06-23,10046.88
2015-06-24,10267.63
2015-06-25,9906.1
2015-06-26,9078.07
2015-06-29,8484.64
2015-06-30,8906.02
2015-07-01,8411.91
2015-07-02,7835.1
2015-07-03,7355.49
2015-07-06,7236
2015-07-07,6763.53
2015-07-08,6602.37
2015-07-09,6896.35
2015-07-10,7244.78
2015-07-13,7695.64
2015-07-14,7859.06
2015-07-15,7405.3
2015-07-16,7578.76
2015-07-17,7994.7
2015-07-20,8116.5
2015-07-21,8220.46
2015-07-22,8320.24
2015-07-23,8551.99
2015-07-24,8425.07
2015-07-27,7794.18
2015-07-28,7649.82
2015-07-29,8022.8
2015-07-30,7800.58
2015-07-31,7727.06
2015-08-03,7540.21
2015-08-04,7942.1
2015-08-05,7839.34
2015-08-06,7792.03
2015-08-07,8013.32
2015-08-10,8394.09
2015-08-11,8435.33
2015-08-12,8336.34
2015-08-13,8534.43
2015-08-14,8625.24
2015-08-17,8820.46
2015-08-18,8161.27
2015-08-19,8340.98
2015-08-20,8049.51
2015-08-21,7612.9
2015-08-24,7006.19
2015-08-25,6481.41
2015-08-26,6238.53
2015-08-27,6456.06
2015-08-28,6842.89
2015-08-31,6581.31
2015-09-01,6169.21
2015-09-02,6122.55
2015-09-07,6143.56
2015-09-08,6374.86
2015-09-09,6551.01
2015-09-10,6440.31
2015-09-11,6493.32
2015-09-14,6049.79
2015-09-15,5708.03
2015-09-16,6084.84
2015-09-17,5965.41
2015-09-18,6036.88
2015-09-21,6250.44
2015-09-22,6295.93
2015-09-23,6224.6
2015-09-24,6315.11
2015-09-25,6108.38
2015-09-28,6219.69
2015-09-29,6103.61
2015-09-30,6123.73
2015-10-08,6372.49
2015-10-09,6470.05
2015-10-12,6718.72
2015-10-13,6802.08
2015-10-14,6724.5
2015-10-15,6929.24
2015-10-16,7047.56
2015-10-19,7047.37
2015-10-20,7162.08
2015-10-21,6712.74
2015-10-22,6964.3
2015-10-23,7138.23
2015-10-26,7186.76
2015-10-27,7231.44
2015-10-28,7048.9
2015-10-29,7108.98
2015-10-30,7084.97
2015-11-02,6936.43
2015-11-03,6920.1
2015-11-04,7267.99
2015-11-05,7276.45
2015-11-06,7446.85
2015-11-09,7543.8
2015-11-10,7575.01
2015-11-11,7684.67
2015-11-12,7682.45
2015-11-13,7567.11
2015-11-16,7718.86
2015-11-17,7650.38
2015-11-18,7526.94
2015-11-19,7718.62
2015-11-20,7806.27
2015-11-23,7744.18
2015-11-24,7798.5
2015-11-25,7922.38
2015-11-26,7874.08
2015-11-27,7376.12
2015-11-30,7408.4
2015-12-01,7443.95
2015-12-02,7405.86
2015-12-03,7570.51
2015-12-04,7511.68
2015-12-07,7602.23
2015-12-08,7404.14
2015-12-09,7374.27
2015-12-10,7350.21
2015-12-11,7290.7
2015-12-14,7441.03
2015-12-15,7498.18
2015-12-16,7529.4
2015-12-17,7716.25
2015-12-18,7699.37
2015-12-21,7788.56
2015-12-22,7856.61
2015-12-23,7773.28
2015-12-24,7753.04
2015-12-25,7792.12
2015-12-28,7603.36
2015-12-29,7674.39
2015-12-30,7741.05
2015-12-31,7617.69
2016-01-04,6983.4
2016-01-05,6889.74
2016-01-06,7065.61
2016-01-07,6462.24
2016-01-08,6570.43
2016-01-11,6128.66
2016-01-12,6136.66
2016-01-13,5924.04
2016-01-14,6124.82
2016-01-15,5893.68
2016-01-18,5978.91
2016-01-19,6197.1
2016-01-20,6138.5
2016-01-21,5886.88
2016-01-22,5980.61
2016-01-25,6041.33
2016-01-26,5589.31
2016-01-27,5514.19
2016-01-28,5271.23
2016-01-29,5469.13
2016-02-01,5399.48
2016-02-02,5586.63
2016-02-03,5610.17
2016-02-04,5721.49
2016-02-05,5664.2
2016-02-15,5668.04
2016-02-16,5902.53
2016-02-17,5971.41
2016-02-18,5957.13
2016-02-19,5979.52
2016-02-22,6103.72
2016-02-23,6070.5
2016-02-24,6111.04
2016-02-25,5626.05
2016-02-26,5648.94
2016-02-29,5350.43
2016-03-01,5473.64
2016-03-02,5753.15
2016-03-03,5776.98
2016-03-04,5621.56
2016-03-07,5752.55
2016-03-08,5764.33
2016-03-09,5617.04
2016-03-10,5521.95
2016-03-11,5508.98
2016-03-14,5690.59
2016-03-15,5639.8
2016-03-16,5562.8
2016-03-17,5745.98
2016-03-18,5949.26
2016-03-21,6099.48
2016-03-22,6075.49
2016-03-23,6118.97
2016-03-24,6018.42
2016-03-25,6077.43
2016-03-28,6037.78
2016-03-29,5921.87
2016-03-30,6137.5
2016-03-31,6155.81
2016-04-01,6124.53
2016-04-05,6286.58
2016-04-06,6323.43
2016-04-07,6228.97
2016-04-08,6168.74
2016-04-11,6304.3
2016-04-12,6252.77
2016-04-13,6344.23
2016-04-14,6401.86
2016-04-15,6384.35
2016-04-18,6281.2
2016-04-19,6308.23
2016-04-20,6022.21
2016-04-21,5970.68
2016-04-22,6011.32
2016-04-25,5978.08
2016-04-26,6046.77
2016-04-27,6016.7
2016-04-28,5990.33
2016-04-29,5985.59
2016-05-03,6167.45
2016-05-04,6169.78
2016-05-05,6203.82
2016-05-06,5961.49
2016-05-09,5743.65
2016-05-10,5738.9
2016-05-11,5723.41
2016-05-12,5726.46
2016-05-13,5714.31
2016-05-16,5812.54
2016-05-17,5790.34
2016-05-18,5631.19
2016-05-19,5666.73
2016-05-20,5732.9
2016-05-23,5809.48
2016-05-24,5743.18
2016-05-25,5715.18
2016-05-26,5744.39
2016-05-27,5739.59
2016-05-30,5711.32
2016-05-31,5947.32
2016-06-01,5973.78
2016-06-02,6013.89
2016-06-03,6032.6
2016-06-06,6051.86
2016-06-07,6045.36
2016-06-08,6023.88
2016-06-13,5746.44
2016-06-14,5762.76
2016-06-15,5952.85
2016-06-16,5930.55
2016-06-17,5964.27
2016-06-20,5985.57
2016-06-21,5916.8
2016-06-22,6008.89
2016-06-23,5978.17
2016-06-24,5903.62
2016-06-27,6044.22
2016-06-28,6107.51
2016-06-29,6120.2
2016-06-30,6123.49
2016-07-01,6111.54
2016-07-04,6231.88
2016-07-05,6269.5
2016-07-06,6297.4
2016-07-07,6319.79
2016-07-08,6299.85
2016-07-11,6312.5
2016-07-12,6395.14
2016-07-13,6446.56
2016-07-14,6455.58
2016-07-15,6441.02
2016-07-18,6412.07
2016-07-19,6431.94
2016-07-20,6417.92
2016-07-21,6442.71
2016-07-22,6390.93
2016-07-25,6408.78
2016-07-26,6494.47
2016-07-27,6229.29
2016-07-28,6243.29
2016-07-29,6202.89
2016-08-01,6109.28
2016-08-02,6168.51
2016-08-03,6198.39
2016-08-04,6238.23
2016-08-05,6203.29
2016-08-08,6290.76
2016-08-09,6341.55
2016-08-10,6318.27
2016-08-11,6226.31
2016-08-12,6299.09
2016-08-15,6442.53
2016-08-16,6468.89
2016-08-17,6488.36
2016-08-18,6490.41
2016-08-19,6499.55
2016-08-22,6420.35
2016-08-23,6428.7
2016-08-24,6435.06
2016-08-25,6382.57
2016-08-26,6410.73
2016-08-29,6427.53
2016-08-30,6425.75
2016-08-31,6434.21
2016-09-01,6381.48
2016-09-02,6356.95
2016-09-05,6391.79
2016-09-06,6492.97
2016-09-07,6494.32
2016-09-08,6517.98
2016-09-09,6471.05
2016-09-12,6291.64
2016-09-13,6320.03
2016-09-14,6278.16
2016-09-19,6344.18
2016-09-20,6342.03
2016-09-21,6343.75
2016-09-22,6385.64
2016-09-23,6370.58
2016-09-26,6241.52
2016-09-27,6286.91
2016-09-28,6281.28
2016-09-29,6298.79
2016-09-30,6328.09
2016-10-10,6447.69
2016-10-11,6486.43
2016-10-12,6482.74
2016-10-13,6484.83
2016-10-14,6469.49
2016-10-17,6413.15
2016-10-18,6509.28
2016-10-19,6495.26
2016-10-20,6498.24
2016-10-21,6475.28
2016-10-24,6539.47
2016-10-25,6563.35
2016-10-26,6530.39
2016-10-27,6517.36
2016-10-28,6455.83
2016-10-31,6452.21
2016-11-01,6507.95
2016-11-02,6455.13
2016-11-03,6483.73
2016-11-04,6462.59
2016-11-07,6468.82
2016-11-08,6503.18
2016-11-09,6453.57
2016-11-10,6536.97
2016-11-11,6583.89
2016-11-14,6615.01
2016-11-15,6640.46
2016-11-16,6644.19
2016-11-17,6636.47
2016-11-18,6602.33
2016-11-21,6611.54
2016-11-22,6661.25
2016-11-23,6631.17
2016-11-24,6623.05
2016-11-25,6652.82
2016-11-28,6670.8
2016-11-29,6620.8
2016-11-30,6585.58
2016-12-01,6624.47
2016-12-02,6520.98
2016-12-05,6486.02
2016-12-06,6490.89
2016-12-07,6558.03
2016-12-08,6527.43
2016-12-09,6513.92
2016-12-12,6249.08
2016-12-13,6278.18
2016-12-14,6239.5
2016-12-15,6280.4
2016-12-16,6318.52
2016-12-19,6320.73
2016-12-20,6300.64
2016-12-21,6347.61
2016-12-22,6341.79
2016-12-23,6282
2016-12-26,6294.75
2016-12-27,6288.86
2016-12-28,6270.24
2016-12-29,6252.61
2016-12-30,6263.63
2017-01-03,6320.76
2017-01-04,6394.67
2017-01-05,6399.28
2017-01-06,6371.62
2017-01-09,6415.42
2017-01-10,6393.93
2017-01-11,6331.96
2017-01-12,6272.85
2017-01-13,6194.66
2017-01-16,6031.24
2017-01-17,6082.07
2017-01-18,6068.59
2017-01-19,6043.68
2017-01-20,6122
2017-01-23,6172.17
2017-01-24,6165.26
2017-01-25,6179.57
2017-01-26,6223.71
2017-02-03,6207.09
2017-02-06,6259.25
2017-02-07,6255.93
2017-02-08,6291.6
2017-02-09,6331.18
2017-02-10,6337.11
2017-02-13,6369.65
2017-02-14,6374.89
2017-02-15,6311.7
2017-02-16,6359.34
2017-02-17,6307.16
2017-02-20,6385.06
2017-02-21,6434.44
2017-02-22,6474.23
2017-02-23,6473.99
2017-02-24,6476.17
2017-02-27,6424.26
2017-02-28,6450.97
2017-03-01,6467.64
2017-03-02,6434.63
2017-03-03,6452.84
2017-03-06,6517.32
2017-03-07,6523.19
2017-03-08,6497.09
2017-03-09,6439.38
2017-03-10,6447.92
2017-03-13,6507.9
2017-03-14,6493.48
2017-03-15,6486.06
2017-03-16,6543.34
2017-03-17,6483.25
2017-03-20,6498.34
2017-03-21,6515.95
2017-03-22,6499.79
2017-03-23,6512.19
2017-03-24,6546.62
2017-03-27,6516.03
2017-03-28,6498.69
2017-03-29,6480.54
2017-03-30,6375.74
2017-03-31,6401.65
2017-04-05,6539.97
2017-04-06,6559.65
2017-04-07,6578.73
2017-04-10,6566.54
2017-04-11,6629.17
2017-04-12,6576.48
2017-04-13,6615.7
2017-04-14,6528.16
2017-04-17,6456.6
2017-04-18,6418.21
2017-04-19,6350.65
2017-04-20,6347.77
2017-04-21,6300.71
2017-04-24,6138.51
2017-04-25,6160.46
2017-04-26,6176.4
2017-04-27,6192.3
2017-04-28,6211.86
2017-05-02,6216.12
2017-05-03,6197.48
2017-05-04,6176.31
2017-05-05,6089.68
2017-05-08,5975.54
2017-05-09,6012
2017-05-10,5885.84
2017-05-11,5872.64
2017-05-12,5863.78
2017-05-15,5893.51
2017-05-16,6014.73
2017-05-17,6027.65
2017-05-18,5976.3
2017-05-19,5974.98
